INSERT INTO usuario (id,loginname,nombre,password,rol,img) VALUES(1,'admin','admin','$2a$10$oyQsB0p2342oiBU9KAlAfOW/1vuZ2zjL4I8//gsC/eq1qhHBGtfWW','admin','gandalf.gif'),(2,'jurado','jurado','$2a$10$FzEzB9ZhViE9/Y9mxdE6j.FbpZMQ.dDqaawmka2r7ED2/PYtjlP9e','admin','gandalf.gif');

INSERT INTO premio_juego (id,nombre_premio) VALUES (1,'Juego del Año'),(2,'Mejor Narrativa'),(3,'Mejor Banda Sonora'),(4,'Mejor Juego de Accion'),(5,'Mejor juego de Aventura'),(6,'Mejor juego de rol'),(7,'Mejor Juego de Lucha'),(8,'Mejor Juego Familiar'),(9,'Mejor Juego de Estrategia'),(10,'Mejor Juego de Deportes/Carreras'),(11,'Mejor Juego Multijugador'),(12,'Mejor Juego como Servicio'),(13,'Mejor juego de eSports'),(14,'Mejor Evento de eSports'),(15,'Mejor Soporte a la Comunidad'),(16,'Juego de Mayor Impacto'),(17,'Mejor Juego Indie'),(18,'Mejor Juego para Moviles'),(19,'Mejor Juego VR');

INSERT INTO categoria_participante (id,nombre) VALUES (1,'Director'),(2,'Desarrollador'),(3,'Audio'),(4,'eSports'),(5,'Guionista'),(6,'Actores'),(7,'Creador de Contenido'); 

INSERT INTO categoria_juego (id,nombre) values(1,'Acción'),(2,'Arcade'),(3,'Aventura'),(4,'Beat em all'),(5,'MMO'),(6,'Cooperación'),(7,'Lucha'),(8,'Deportes'),(9,'Familiar'),(10,'Entretenimiento'),(11,'Estrategia'),(12,'FPS'),(13,'Gestión'),(14,'Carreras'),(15,'Plataformas'),(16,'Multijugador'),(17,'RPG'),(18,'Indie'),(19,'Shoot em up'),(20,'Móviles'),(21,'Simulación'),(22,'VR'),(23,'Wargame'),(24,'JRPG');

INSERT INTO plataforma (id, familia, imgPre, nombre,img) VALUES (1, 'Sony', 'logo/ps1.jpg', 'Playstation 1',NULL),(2, 'Sony', 'logo/ps2.jpg', 'Playstation 2',NULL),(3, 'Sony', 'logo/ps3.jpg', 'Playstation 3',NULL),(4, 'Sony', 'logo/ps4.jpg', 'Playstation 4',NULL),(5, 'Sony', 'logo/psp.jpg', 'Playstation Portable',NULL),(6, 'Sony', 'logo/psvita.jpg', 'Playstation Vita',NULL),(7, 'Microsoft', 'logo/xbox.jpg', 'Xbox',NULL),(8, 'Microsoft', 'logo/xbox360.jpg', 'Xbox 360',NULL),(9, 'Microsoft', 'logo/xbox_one.jpg', 'Xbox One',NULL),(10, 'Nintendo', 'logo/nes.jpg', 'Nintendo Entertainement System',NULL),(11, 'Nintendo', 'logo/snes.jpg', 'Super Nintendo Entertainement',NULL),(12, 'Nintendo', 'logo/n64.jpg', 'Nintendo 64',NULL),(13, 'Nintendo', 'logo/gameboy.jpg', 'Nintendo Gameboy',NULL),(14, 'Nintendo', 'logo/gba.jpg', 'Nintendo Gameboy Advanced',NULL),(15, 'Nintendo', 'logo/nds.jpg', 'Nintendo DS',NULL),(16, 'Nintendo', 'logo/3ds.jpg', 'Nintendo 3DS',NULL),(17, 'Nintendo', 'logo/switch.jpg', 'Nintendo Switch',NULL),(18, 'PC', 'logo/pc.jpg', 'PC',NULL),(19, 'Sega', 'logo/saturn.jpg', 'Sega Saturn',NULL),(20, 'Sega', 'logo/dreamcast.jpg', 'Sega Dreamcast',NULL),(21, 'Sega', 'logo/megadrive.jpg', 'Sega Megadrive',NULL),(22, 'Sega', 'logo/msys.jpg', 'Sega Master System',NULL),(23, 'SNK', 'logo/neogeo.jpg', 'NEO-GEO',NULL),(24, 'Atari', 'logo/at2600.jpg', 'Atari 2600',NULL),(25, 'Atari', 'logo/atxegs.jpg', 'Atari XEGS',NULL),(26, 'Nintendo', 'logo/gamecube.jpg', 'Nintendo Gamecube',NULL);

INSERT INTO premio_participante (id, nombre_premio)  values (1,'Mejor dirección'),(2,'Mejor dirección Artística'),(3,'Mejor producción audiovisual'),(4,'Mejor anfitrión eSports'),(5,'Mejor creador de contenido'),(6,'Mejor entrenador de eSports'),(7,'Mejor jugador de eSports'),(8,'Mejor equipo de eSports'),(9,'Mejor guionista'),(10,'Mejor actor de doblaje'),(11,'Mejor desarrolladora'),(12,'Mejor actor');

INSERT INTO `juego` (`id`, `desarrolladora`, `esta_nominado`, `fecha_lanzamiento`, `img`, `img_pre`, `nombre`, `teaser`) VALUES (1, 'KONAMI', NULL, '1997-03-19', NULL, 'ps1/cas_sotn.jpg', 'Castlevania: Symphony of the Night', 'https://www.youtube.com/embed/Rm2KKmud2MA'),(2, 'KONAMI', NULL, '1998-09-02', NULL, 'ps1/mgs.jpg', 'Metal Gear Solid', 'https://www.youtube.com/embed/WCFUAOhfF7c'),(3, 'NEVERSOFT', NULL, '2000-09-18', NULL, 'ps1/thps2.jpg', 'Tony Hawks Pro Skater 2', 'https://www.youtube.com/embed/-EjIJ7NVouk'),(4, 'CAPCOM', NULL, '1998-01-20', NULL, 'ps1/re2.jpg', 'Resident Evil 2', 'https://www.youtube.com/embed/GJYSznumed0'),(5, '989 STUDIOS', NULL, '1998-10-30', NULL, 'ps1/tm3.jpg', 'Twisted Metal 3', 'https://www.youtube.com/embed/at6taRA4dwU'),(6, 'KONAMI', NULL, '1999-01-30', NULL, 'ps1/sh.jpg', 'Silent Hill', 'https://www.youtube.com/embed/fwan7k3nOzg'),(7, 'SQUARE SOFT', NULL, '1997-01-30', NULL, 'ps1/ffvii.jpg', 'Final Fantasy VII', 'https://www.youtube.com/embed/utVE4aUKYuY'),(8, 'POLYPHONY DIGITAL', NULL, '1999-12-10', NULL, 'ps1/gt2.jpg', 'Gran Turismo 2', 'https://www.youtube.com/embed/SPy0sPBVfhk'),(9, 'TEAM 17', NULL, '1999-11-29', NULL, 'ps1/wa.jpg', 'Worms Armageddon', 'https://www.youtube.com/embed/Xl2Oox2a58k'),(10, 'NAMCO', NULL, '1997-03-19', NULL, 'ps1/t3.jpg', 'Tekken 3', 'https://www.youtube.com/embed/n8DLyuosCp8'),(11, 'NEVERSOFT', NULL, '2001-10-27', NULL, 'ps2/tnps3.jpg', 'Tony Hawks Pro Skater 3', 'https://www.youtube.com/embed/ejBtds4duzU'),(12, 'ROCKSTAR', NULL, '2001-04-27', NULL, 'ps2/gta3.jpg', 'Grand Theft Auto III', 'https://www.youtube.com/embed/agACYOeuX7k'),(13, 'CAPCOM', NULL, '2005-01-10', NULL, 'ps2/re4.jpg', 'Resident Evil 4', 'https://www.youtube.com/embed/1KTghW30ZuY'),(14, 'KONAMI', b'1', '2001-11-11', NULL, 'ps2/mgs2.jpg', 'Metal Gear Solid 2: Sons of Liberty', 'https://www.youtube.com/embed/FSJSD6gqGrE'),(15, 'ROCKSTAR', NULL, '2004-10-25', NULL, 'ps2/gta_sa.jpg', 'Grand Theft Auto: San Andreas', 'https://www.youtube.com/embed/u_CbHrBbHNQ'),(16, 'NINJA THEORY', NULL, '2001-08-22', NULL, 'ps2/dmc.jpeg', 'Devil May Cry', 'https://www.youtube.com/embed/rfMte3Q0pEM'),(17, 'SONY', NULL, '2005-03-21', NULL, 'ps2/gow.jpg', 'God of War', 'https://www.youtube.com/embed/pJyFlzarq-U'),(18, 'RED OCTANE', b'1', '2005-11-06', NULL, 'ps2/gh.jpg', 'Guitar Hero', 'https://www.youtube.com/embed/NLncFUN2plc'),(19, 'NAUGHTY DOG', NULL, '2001-12-02', NULL, 'ps2/jad.jpg', 'Jak and Daxter: The Precursor Legacy', 'https://www.youtube.com/embed/35xZDaGI8cY'),(20, 'UBISOFT', b'1', '2003-10-26', NULL, 'ps2/pop.jpg', 'Prince of Persia: The Sands of Time', 'https://www.youtube.com/embed/qb7CjjmYbFw'),(21, 'INFINITY WARD', b'1', '2009-11-08', NULL, 'ps3/mw2.jpg', 'Call of Duty : Modern Warfare 2', 'https://www.youtube.com/embed/blshENwbHgs'),(22, 'ROCKSTAR', NULL, '2013-09-12', NULL, 'ps3/gtav.jpg', 'Grand Theft Auto V', 'https://www.youtube.com/embed/QkkoHAzjnUs'),(23, 'NAUGHTY DOG', NULL, '2009-10-12', NULL, 'ps3/unc2.jpg', 'Uncharted 2: Among Thieves', 'https://www.youtube.com/embed/tlkkceDkT88'),(24, 'ROCKSTEADY', NULL, '2011-10-17', NULL, 'ps3/bat.jpg', 'Batman: Arkham City', 'https://www.youtube.com/embed/muCtJsy-d9w'),(25, 'ROCKSTAR', b'1', '2010-05-16', NULL, 'ps3/rdr.jpg', 'Red Dead Redemption', 'https://www.youtube.com/embed/-8MN89fIaJ8'),(26, 'IRRATIONAL GAMES', b'1', '2013-03-24', NULL, 'ps3/bio_inf.jpg', 'BioShock Infinite', 'https://www.youtube.com/embed/EsJ55BzIvkE'),(27, 'CAPCOM', NULL, '2008-07-17', NULL, 'ps3/stiv.jpg', 'Street Fighter IV', 'https://www.youtube.com/embed/R8SD_M_ccac'),(28, 'BETHESDA', b'1', '2012-06-24', NULL, 'ps3/sky.jpg', 'The Elder Scrolls V: Skyrim', 'https://www.youtube.com/embed/JSRtYpNRoN0'),(29, 'TEAM ICO', NULL, '2011-09-21', NULL, 'ps3/ico.jpg', 'The ICO & Shadow of the Colossus Collection', 'https://www.youtube.com/embed/kSRIlwXDBB4'),(30, 'UBISOFT', b'1', '2009-11-15', NULL, 'ps3/ac2.jpg', 'Assassins Creed II', 'https://www.youtube.com/embed/_xkCPNECud8'),(31, 'CAPCOM', b'1', '2008-03-25', NULL, 'psp/mhfu.jpg', 'Monster Hunter Freedom Unite', 'https://www.youtube.com/embed/5I5n2dP_FRA'),(32, 'UBISOFT', NULL, '2004-12-11', NULL, 'psp/lum.jpg', 'Lumines', 'https://www.youtube.com/embed/rGCtJOIwcq8'),(33, 'SONY', b'1', '2010-10-31', NULL, 'psp/gow_gos.jpg', 'God of War: Ghost of Sparta', 'https://www.youtube.com/embed/bDN3aUzyctY'),(34, 'READY AT DAWN STUDIOS', b'1', '2006-03-12', NULL, 'psp/dax.jpg', 'Daxter', 'https://www.youtube.com/embed/3tZfRVIs2lQ'),(35, 'SIE JAPAN STUDIO', NULL, '2011-04-11', NULL, 'psp/pat3.jpg', 'Patapon 3', 'https://www.youtube.com/embed/NsoK5hVUgfE'),(36, 'SIE JAPAN STUDIO', NULL, '2008-11-20', NULL, 'psp/loc2.jpg', 'LocoRoco 2', 'https://www.youtube.com/embed/Tcd05bdywtc'),(37, 'GUERRILLA GAMES', NULL, '2006-10-30', NULL, 'psp/kill_lib.jpg', 'Killzone: Liberation', 'https://www.youtube.com/embed/o1TTzeWHD1w'),(38, 'LEVEL 5', NULL, '2006-11-21', NULL, 'psp/jea.jpg', 'Jeanne d Arc', 'https://www.youtube.com/embed/KRDHCGeRnVw'),(39, 'HIGH IMPACT GAMES', NULL, '2008-06-16', NULL, 'psp/sec_agen.jpg', 'Secret Agent Clank', 'https://www.youtube.com/embed/0KVjwM-Srd8'),(40, 'SONY', NULL, '2005-03-16', NULL, 'psp/ape_esc.jpg', 'Ape Escape: On the Loose', 'https://www.youtube.com/embed/ED74Px2oo8E'),(41, 'ALTUS', NULL, '2012-06-13', NULL, 'psvita/p4g.jpg', 'Persona 4 Golden', 'https://www.youtube.com/embed/lnwXbSYcywg'),(42, 'BAD LAND GAMES', NULL, '2014-09-01', NULL, 'psvita/vel_2x.jpg', 'Velocity 2X', 'https://www.youtube.com/embed/RGsrGmIWxV0'),(43, 'DEREK YU', NULL, '2008-12-20', NULL, 'psvita/spe.jpg', 'Spelunky', 'https://www.youtube.com/embed/n50JIBBwcbM'),(44, 'UBISOFT', NULL, '2011-11-14', NULL, 'psvita/ray_ori.jpg', 'Rayman Origins', 'https://www.youtube.com/embed/PevoXzPJSJ4'),(45, 'SONY', NULL, '2012-09-18', NULL, 'psvita/lbp.jpg', 'Little Big Planet PS Vita', 'https://www.youtube.com/embed/qAcK3FEatY0'),(46, 'DRINK BOX STUDIOS', NULL, '2013-04-08', NULL, 'psvita/gua.jpg', 'Guacamelee!', 'https://www.youtube.com/embed/6hGPyHacsG0'),(47, 'UBISOFT', NULL, '2013-08-28', NULL, 'psvita/ray_len.jpg', 'Rayman Legends', 'https://www.youtube.com/embed/_IQuDbycE3k'),(48, 'MEDIA MOLECULE', NULL, '2013-11-19', NULL, 'psvita/tea.jpg', 'Tearaway', 'https://www.youtube.com/embed/YLI6ONFYHKE'),(49, 'BAD LAND GAMES', NULL, '2012-05-14', NULL, 'psvita/vel_ult.jpg', 'Velocity Ultra', 'https://www.youtube.com/embed/UzSyFoVqPrE'),(50, 'CELLAR DOOR GAMES', NULL, '2013-06-26', NULL, 'psvita/rog_leg.jpg', 'Rogue Legacy', 'https://www.youtube.com/embed/T0DKxOEikTs'),(51, 'BUNGIE', NULL, '2004-11-08', NULL, 'xbox/halo.jpg', 'Halo 2', 'https://www.youtube.com/embed/4ycOwVPqbxA'),(52, 'BUNGIE', NULL, '2001-11-14', NULL, 'xbox/halo_ce.jpg', 'Halo: Combat Evolved', 'https://www.youtube.com/embed/v0kHiEME0Vk'),(53, 'BIOWARE', NULL, '2003-07-14', NULL, 'xbox/sw_kotor.jpg', 'Star Wars: Knights of the Old Republic', 'https://www.youtube.com/embed/xSbpETpkE9M'),(54, 'TECMO', NULL, '2004-03-01', NULL, 'xbox/nin_gai.jpg', 'Ninja Gaiden', 'https://www.youtube.com/embed/EDquy4cXSTg'),(55, 'MAJESCO', NULL, '2005-04-18', NULL, 'xbox/psy.jpg', 'Psychonauts', 'https://www.youtube.com/embed/MeQu0kkcHHA'),(56, 'PANDEMIC', b'1', '2005-10-29', NULL, 'xbox/sw_bat2.jpg', 'Star Wars: Battlefront II', 'https://www.youtube.com/embed/KiKT9i2Ourc'),(57, 'UBISOFT', NULL, '2004-03-22', NULL, 'xbox/tcsc.jpg', 'Tom Clancy Splinter Cell: Pandora Tomorrow', 'https://www.youtube.com/embed/ZugHKNzM4bw'),(58, 'BIZARRE CREATIONS', b'1', '2003-11-15', NULL, 'xbox/pgr.jpg', 'Project Gotham Racing 2', 'https://www.youtube.com/embed/X9xEaPpEf9s'),(59, 'SIERRA GAMES', NULL, '2004-05-31', NULL, 'xbox/tcor.jpg', 'The Chronicles of Riddick: Escape from Butcher Bay', 'https://www.youtube.com/embed/3VXxravU--E'),(60, 'TASA STUDIO', NULL, '2003-10-20', NULL, 'xbox/cs.jpg', 'Crimson Skies: High Road to Revenge', 'https://www.youtube.com/embed/wUfpuMSPDjE'),(61, 'BIOWARE', NULL, '2010-01-25', NULL, 'xbox360/me2.jpg', 'Mass Effect 2', 'https://www.youtube.com/embed/lx9sPQpjgjU'),(62, '2K GAMES', NULL, '2007-08-20', NULL, 'xbox360/bio.jpg', 'BioShock', 'https://www.youtube.com/embed/Q8lngIFXRi4'),(63, 'FROM SOFTWARE', NULL, '2011-09-21', NULL, 'xbox360/ds.jpg', 'Dark Souls', 'https://www.youtube.com/embed/o1780AqAa20'),(64, 'SQUARE ENIX', NULL, '2013-03-04', NULL, 'xbox360/tr.jpg', 'Tomb Raider', 'https://www.youtube.com/embed/dmAtml-qEuU'),(65, 'TELL TALE GAMES', NULL, '2012-04-23', NULL, 'xbox360/twd.jpg', 'The Walking Dead', 'https://www.youtube.com/embed/N40uY51s5Z0'),(66, 'FIRAXIS', NULL, '2012-10-08', NULL, 'xbox360/xcom.jpg', 'XCOM: Enemy Unknown', 'https://www.youtube.com/embed/yy9n20qp-WI'),(67, '343 INDUSTRIES', NULL, '2012-11-05', NULL, 'xbox360/halo4.jpg', 'Halo 4', 'https://www.youtube.com/embed/GO376G4tbGM'),(68, 'VISCERAL GAMES', b'1', '2011-01-23', NULL, 'xbox360/ds2.jpg', 'Dead Space 2', 'https://www.youtube.com/embed/z7Qy_4sWs3I'),(69, 'INFINITY WARD', NULL, '2007-11-04', NULL, 'xbox360/cod_mw.jpg', 'Call of Duty 4: Modern Warfare', 'https://www.youtube.com/embed/ygx1EU5OWN0'),(70, 'EPIC GAMES', NULL, '2008-11-06', NULL, 'xbox360/gears2.jpg', 'Gears of War 2', 'https://www.youtube.com/embed/Fdsl5Ms5yk8'),(71, 'NINTENDO', NULL, '1985-09-12', NULL, 'nes/smb.jpg', 'Super Mario Bros', 'https://www.youtube.com/embed/U_BFK_htLjo'),(72, 'NINTENDO', NULL, '1986-02-20', NULL, 'nes/tloz.jpg', 'The Legend of Zelda', 'https://www.youtube.com/embed/_pdTOea3cOs'),(73, 'NINTENDO', NULL, '1983-07-14', NULL, 'nes/dk.jpg', 'Donkey Kong', 'https://www.youtube.com/embed/rOXfOJjBM54'),(74, 'NINTENDO', NULL, '1986-08-05', NULL, 'nes/metroid.jpg', 'Metroid', 'https://www.youtube.com/embed/ceoxI8QdcCY'),(75, 'NINTENDO', NULL, '1993-03-22', NULL, 'nes/kirby.jpg', 'Kirby´s Adventure', 'https://www.youtube.com/embed/6-rDFSoMG-g'),(76, 'NINTENDO', NULL, '1987-09-17', NULL, 'nes/punch-out.jpg', 'Punch-Out!! Ft. Mr.Dream', 'https://www.youtube.com/embed/e5fyDTeSlxc'),(77, 'NINTENDO', NULL, '1985-01-29', NULL, 'nes/ice.jpg', 'Ice Climber', 'https://www.youtube.com/embed/e5fyDTeSlxc'),(78, 'NINTENDO', NULL, '1980-05-20', NULL, 'nes/pac-man.jpg', 'Pac-Man', 'https://www.youtube.com/embed/DxFjFS-idYk'),(79, 'NINTENDO', NULL, '1981-09-24', NULL, 'nes/galaga.jpg', 'Galaga', 'https://www.youtube.com/embed/UPcO0HvIhkA'),(80, 'NINTENDO', NULL, '1985-09-18', NULL, 'nes/gng.jpg', 'Ghost´N Goblins', 'https://www.youtube.com/embed/vx7imGrSzRA'),(81, 'NINTENDO', NULL, '2017-09-28', NULL, 'snes/sf2.jpg', 'Star Fox 2', 'https://www.youtube.com/embed/4vQtDV6CzMs'),(82, 'NINTENDO', NULL, '1994-11-23', NULL, 'snes/dkc.jpg', 'Donkey Kong Country', 'https://www.youtube.com/embed/SbHL8-XkXMA'),(83, 'NINTENDO', NULL, '1990-11-20', NULL, 'snes/smw.jpg', 'Super Mario World', 'https://www.youtube.com/embed/snzRjnx6BNs'),(84, 'NINTENDO', NULL, '1995-08-04', NULL, 'snes/yi.jpg', 'Yoshi Island', 'https://www.youtube.com/embed/Z0E2lmgLF_k'),(85, 'NINTENDO', NULL, '1992-08-26', NULL, 'snes/smk.jpg', 'Super Mario Kart', 'https://www.youtube.com/embed/dyz4tJAmhc8'),(86, 'SQUARE SOFT', NULL, '1993-08-05', NULL, 'snes/som.jpg', 'Secret of Mana', 'https://www.youtube.com/embed/9wM1hvu6IM4'),(87, 'CAPCOM', NULL, '1993-12-16', NULL, 'snes/mmx.jpg', 'Mega Man X', 'https://www.youtube.com/embed/dH50kLONJsA'),(88, 'NINTENDO', NULL, '1991-11-20', NULL, 'snes/tloz_alttp.jpg', 'The Legend of Zelda: A Link to the Past', 'https://www.youtube.com/embed/7yjfTQ009ms'),(89, 'KONAMI', NULL, '1992-02-27', NULL, 'snes/con3.jpg', 'Contra III: The Alien Wars', 'https://www.youtube.com/embed/KDRnlquUXQk'),(90, 'NINTENDO', NULL, '1994-08-26', NULL, 'snes/ear.jpg', 'EarthBound', 'https://www.youtube.com/embed/60_WWLq3srE'),(91, 'NINTENDO', b'1', '1998-11-19', NULL, 'n64/tloz_oot.jpg', 'The Legend of Zelda: Ocarina of Time', 'https://www.youtube.com/embed/iu_nQwZn02E'),(92, 'NINTENDO', NULL, '2000-05-21', NULL, 'n64/pd.jpg', 'Perfect Dark', 'https://www.youtube.com/embed/j9Qa08QQ4wg'),(93, 'NINTENDO', NULL, '1997-08-24', NULL, 'n64/gol007.jpg', 'GoldenEye 007', 'https://www.youtube.com/embed/VcCq4uOoI6g'),(94, 'NINTENDO', NULL, '2000-04-26', NULL, 'n64/tloz_mm.jpg', 'The Legend of Zelda: Majoras Mask', 'https://www.youtube.com/embed/f5Mf2mp6fms'),(95, 'NINTENDO', NULL, '1996-06-22', NULL, 'n64/sm64.jpg', 'Super Mario 64', 'https://www.youtube.com/embed/vET-iI33fLM'),(96, 'NINTENDO', NULL, '1998-06-25', NULL, 'n64/bk.jpg', 'Banjo-Kazooie', 'https://www.youtube.com/embed/dU6wLNrii9Y'),(97, 'NINTENDO', NULL, '1998-07-13', NULL, 'n64/f-zero.jpg', 'F-Zero X', 'https://www.youtube.com/embed/eqOo5bWl95I'),(98, 'NINTENDO', NULL, '1998-10-20', NULL, 'n64/tur2.jpg', 'Turok 2: Seeds of Evil', 'https://www.youtube.com/embed/YpHN6A6X9Yk'),(99, 'NINTENDO', NULL, '1998-11-16', NULL, 'n64/sw_re.jpg', 'Star Wars: Rogue Squadron', 'https://www.youtube.com/embed/x9NrTastHfw'),(100, 'NINTENDO', NULL, '1999-01-20', NULL, 'n64/smb.jpg', 'Super Smash Bros.', 'https://www.youtube.com/embed/K783SDTBKmg'),(101, 'NINTENDO', NULL, '1994-06-13', NULL, 'gameboy/dkgame.jpg', 'DONKEY KONG', 'https://www.youtube.com/embed/ALkmANiGpEY'),(102, 'GAME FREAK', NULL, '1996-02-26', NULL, 'gameboy/pok.jpg', 'POKÉMON', 'https://www.youtube.com/embed/5tTc8__lXkM'),(103, 'NINTENDO', NULL, '1994-01-20', NULL, 'gameboy/wl.jpg', 'WARIO LAND', 'https://www.youtube.com/embed/fZXX6iQd4zU'),(104, 'NINTENDO', NULL, '1993-06-05', NULL, 'gameboy/tloz_la.jpg', 'THE LEGEND OF ZELDA: LINK’S AWAKENING', 'https://www.youtube.com/embed/FepWbqPpJh0'),(105, 'NINTENDO', NULL, '1989-06-13', NULL, 'gameboy/tetris.jpg', 'TETRIS', 'https://www.youtube.com/embed/KcBD5Zje1h8'),(106, 'NINTENDO', NULL, '1992-04-26', NULL, 'gameboy/kirbygame.jpg', 'KIRBY’S DREAM LAND', 'https://www.youtube.com/embed/paP177p1RVQ'),(107, 'NINTENDO', NULL, '1995-02-28', NULL, 'gameboy/mar_pic.jpg', 'MARIO’S PICROSS', 'https://www.youtube.com/embed/Oeu8ufp0Ru0'),(108, 'NINTENDO', NULL, '1990-10-04', NULL, 'gameboy/bal_kid.jpg', 'BALLOON KID', 'https://www.youtube.com/embed/xbnhNQzREmI'),(109, 'NINTENDO', NULL, '1994-07-21', NULL, 'gameboy/mm5.jpg', 'MEGA MAN 5', 'https://www.youtube.com/embed/Br1impSLf0c'),(110, 'NINTENDO', NULL, '1993-12-31', NULL, 'gameboy/spa_inv.jpg', 'SPACE INVADERS', 'https://www.youtube.com/embed/2ewXdC_mebQ'),(111, 'NINTENDO', NULL, '2004-03-31', NULL, 'gba/dig_rac.jpg', 'Digimon Racing', 'https://www.youtube.com/embed/mfhS5C6lr10'),(112, 'NINTENDO', NULL, '2004-09-15', NULL, 'gba/pok_esm.jpg', 'Pokemon Esmeralda', 'https://www.youtube.com/embed/KInoJimjJzI'),(113, 'NINTENDO', NULL, '2003-07-10', NULL, 'gba/sma4.jpg', 'Super Mario Advance 4: Super Mario Bros. 3', 'https://www.youtube.com/embed/6pDK72y4tHg'),(114, 'NINTENDO', NULL, '2001-07-20', NULL, 'gba/mk.jpg', 'Mario Kart Super Circuit', 'https://www.youtube.com/embed/8FhkzgFqsp8'),(115, 'NINTENDO', NULL, '2001-09-09', NULL, 'gba/adv_war.jpg', 'Advance Wars', 'https://www.youtube.com/embed/aFctAym0zb8'),(116, 'NINTENDO', NULL, '2002-11-17', NULL, 'gba/met_fus.jpg', 'Metroid Fusion', 'https://www.youtube.com/embed/jwuBnZD654M'),(117, 'NINTENDO', NULL, '2003-05-05', NULL, 'gba/cas_aos.jpg', 'Castlevania: Aria of Sorrow', 'https://www.youtube.com/embed/ZNCfiBDjUhY'),(118, 'NINTENDO', NULL, '2001-07-31', NULL, 'gba/gol_sun.jpg', 'Golden Sun', 'https://www.youtube.com/embed/4uWIftmAqVc'),(119, 'NINTENDO', NULL, '2003-11-16', NULL, 'gba/myl.jpg', 'Mario & Luigi: Superstar Saga', 'https://www.youtube.com/embed/JAD6WCk7ckg'),(120, 'NINTENDO', NULL, '2001-08-20', NULL, 'gba/wl4.jpg', 'Wario Land 4', 'https://www.youtube.com/embed/hNMlRhOZw2w'),(121, 'NINTENDO', NULL, '2002-11-16', NULL, 'gamecube/met_prime.jpg', 'Metroid Prime', 'https://www.youtube.com/embed/MKSxx_HIB5o'),(122, 'NINTENDO', NULL, '2001-04-13', NULL, 'gamecube/ani_cro.jpg', 'Animal Crossing', 'https://www.youtube.com/embed/YaOeX76DzK0'),(123, 'NINTENDO', NULL, '2006-11-18', NULL, 'gamecube/tloz_tp.jpg', 'The Legend of Zelda: Twilight Princess', 'https://www.youtube.com/embed/bW1fu4DBMoU'),(124, 'NINTENDO', NULL, '2002-12-12', NULL, 'gamecube/tloz_ww.jpg', 'The Legend of Zelda: The Wind Waker', 'https://www.youtube.com/embed/jlyDXjW9XXc'),(125, 'NINTENDO', NULL, '2002-07-04', NULL, 'gamecube/sc2.jpg', 'SoulCalibur II', 'https://www.youtube.com/embed/0xvICkJM1FQ'),(126, 'NINTENDO', NULL, '2002-06-23', NULL, 'gamecube/ete_dar.jpg', 'Eternal Darkness: Sanitys Requiem', 'https://www.youtube.com/embed/2jXSmJ2a178'),(127, 'NINTENDO', NULL, '2001-11-20', NULL, 'gamecube/ssb_mel.jpg', 'Super Smash Bros. Melee', 'https://www.youtube.com/embed/hG3U4Qi7gR8'),(128, 'NINTENDO', NULL, '2002-08-25', NULL, 'gamecube/sms.jpg', 'Super Mario Sunshine', 'https://www.youtube.com/embed/18LSADoRj-w'),(129, 'NINTENDO', NULL, '2001-11-17', NULL, 'gamecube/sw_re2.jpg', 'Star Wars Rogue Leader: Rogue Squadron II', 'https://www.youtube.com/embed/JfbuaMHBr60'),(130, 'NINTENDO', NULL, '2004-04-28', NULL, 'gamecube/pik2.jpg', 'Pikmin 2', 'https://www.youtube.com/embed/GfKA2FJ6CLo'),(131, 'GAME FREAK', NULL, '2006-09-27', NULL, 'nds/pok_dia.jpg', 'Pokemon Diamante', 'https://www.youtube.com/embed/YoZY_HpXG-4'),(132, 'NINTENDO', NULL, '2005-11-13', NULL, 'nds/mkds.jpg', 'Mario Kart DS', 'https://www.youtube.com/embed/lMIjLBlkX1I'),(133, 'NINTENDO', NULL, '2005-06-22', NULL, 'nds/ad_ds.jpg', 'Advance Wars: Dual Strike', 'https://www.youtube.com/embed/DWIDivGdeBk'),(134, 'NINTENDO', NULL, '2006-05-14', NULL, 'nds/nsmb.jpg', 'New Super Mario Bros.', 'https://www.youtube.com/embed/7J-nZlM9fPw'),(135, 'NINTENDO', NULL, '2008-11-26', NULL, 'nds/pl.jpg', 'Professor Layton and the Unwound Future', 'https://www.youtube.com/embed/P9ARX_eupVk'),(136, 'NINTENDO', NULL, '2001-10-11', NULL, 'nds/pw.jpg', 'Phoenix Wright: Ace Attorney', 'https://www.youtube.com/embed/CAA9YmGojAY'),(137, 'NINTENDO', NULL, '2005-04-01', NULL, 'nds/ste3.jpg', 'Star Wars Episode 3 : The Vengeance of the Sith', 'https://www.youtube.com/embed/UE7AqvB9Otk'),(138, 'NINTENDO', NULL, '2005-11-22', NULL, 'nds/ac.jpg', 'Animal Crossing: Wild World', 'https://www.youtube.com/embed/lOXQb7ORQeA'),(139, 'NINTENDO', NULL, '2005-11-14', NULL, 'nds/sr.jpg', 'Sonic Rush', 'https://www.youtube.com/embed/kZKiwJDimN8'),(140, 'NINTENDO', NULL, '2009-02-21', NULL, 'nds/dra_que.jpg', 'Dragon Quest 5: Hand of the Heavenly Bride', 'https://www.youtube.com/embed/Y7wes33VMnE'),(141, 'SEGA', NULL, '1995-03-09', NULL, 'saturn/pan_dra.jpg', 'Panzer Dragoon', 'https://www.youtube.com/embed/UNr6GfpjNp4'),(142, 'SEGA', NULL, '1994-11-09', NULL, 'saturn/vf2.jpg', 'Virtua Fighter 2', 'https://www.youtube.com/embed/lceLGhO-nBU'),(143, 'SEGA', NULL, '1996-07-04', NULL, 'saturn/nid.jpg', 'NiGHTS into Dreams', 'https://www.youtube.com/embed/hv1BE1bexCg'),(144, 'SEGA', NULL, '1994-10-10', NULL, 'saturn/src.jpg', 'Sega Rally Championship', 'https://www.youtube.com/embed/pU0Hzs9APuA'),(145, 'SEGA', NULL, '1997-10-30', NULL, 'saturn/son_r.jpg', 'Sonic R', 'https://www.youtube.com/embed/Lf5HyLtH0yc'),(146, 'SEGA', NULL, '1996-03-28', NULL, 'saturn/dra_for.jpg', 'Dragon Force', 'https://www.youtube.com/embed/EzACapK4x38'),(147, 'SEGA', NULL, '1996-03-28', NULL, 'saturn/bur_ran.jpg', 'Burning Rangers', 'https://www.youtube.com/embed/sL76ZKW5reg'),(148, 'SEGA', NULL, '1998-05-27', NULL, 'saturn/rad_silv.jpg', 'Radiant Silvergun', 'https://www.youtube.com/embed/G1m0K1AJcg0'),(149, 'SEGA', NULL, '1996-01-28', NULL, 'saturn/dn3d.jpg', 'Duke Nukem 3D', 'https://www.youtube.com/embed/T0G20UV_oEw'),(150, 'SEGA', NULL, '1997-07-31', NULL, 'saturn/las_bro.jpg', 'Last Bronx', 'https://www.youtube.com/embed/Qg16STqxbOg'),(151, 'SEGA', NULL, '1999-12-28', NULL, 'dreamcast/she.jpg', 'Shenmue', 'https://www.youtube.com/embed/zyPA3Cz03dA'),(152, 'SEGA', NULL, '2000-10-04', NULL, 'dreamcast/soa.jpg', 'Skies Of Arcadia', 'https://www.youtube.com/embed/UR05zW_zQDc'),(153, 'SEGA', NULL, '2001-06-17', NULL, 'dreamcast/sa2.jpg', 'Sonic Adventure 2', 'https://www.youtube.com/embed/UXOT-Ko195A'),(154, 'SEGA', NULL, '1998-07-29', NULL, 'dreamcast/sc.jpg', 'Soul Calibur', 'https://www.youtube.com/embed/AnLLCBEmEf4'),(155, 'SEGA', NULL, '2000-12-20', NULL, 'dreamcast/pso.jpg', 'Phantasy Star Online', 'https://www.youtube.com/embed/rw6hosekixk'),(156, 'SEGA', NULL, '2000-02-23', NULL, 'dreamcast/mvc2.jpg', 'Marvel Vs Capcom 2: New Age Of Heroes', 'https://www.youtube.com/embed/dvs3NzcIcYs'),(157, 'SEGA', NULL, '2000-02-02', NULL, 'dreamcast/re_cv.jpg', 'Resident Evil: Code Veronica', 'https://www.youtube.com/embed/pHJ7rru4i78'),(158, 'SEGA', NULL, '2000-05-20', NULL, 'dreamcast/ct.jpg', 'Crazy Taxi', 'https://www.youtube.com/embed/Bhq74r0gojw'),(159, 'SEGA', NULL, '2001-11-21', NULL, 'dreamcast/rez.jpg', 'Rez', 'https://www.youtube.com/embed/L9tkx7xDmig'),(160, 'SEGA', NULL, '2000-04-26', NULL, 'dreamcast/sda.jpg', 'Samba De Amigo', 'https://www.youtube.com/embed/3QoXVOun6xo'),(161, 'SEGA', NULL, '1986-04-09', NULL, 'msys/won_boy.jpg', 'Wonderboy', 'https://www.youtube.com/embed/HPqXrWabN5Y'),(162, 'SEGA', NULL, '1991-10-24', NULL, 'msys/son.jpg', 'Sonic the Hedgehog', 'https://www.youtube.com/embed/rOvwaiydNC0'),(163, 'SEGA', NULL, '1987-12-19', NULL, 'msys/pha_sta.jpg', 'Phantasy Star', 'https://www.youtube.com/embed/XlOlxazHizI'),(164, 'SEGA', NULL, '1992-10-15', NULL, 'msys/son2.jpg', 'Sonic the Hedgehog 2', 'https://www.youtube.com/embed/ocCoR82N5dk'),(165, 'SEGA', NULL, '1987-05-26', NULL, 'msys/zil.jpg', 'Zillion', 'https://www.youtube.com/embed/uSSJE9rrS1o'),(166, 'SEGA', NULL, '1988-08-13', NULL, 'msys/gol.jpg', 'Golvellius: Valley of Doom', 'https://www.youtube.com/embed/E_OasvOsvp0'),(167, 'SEGA', NULL, '1985-10-19', NULL, 'msys/spa_har.jpg', 'Space Harrier', 'https://www.youtube.com/embed/YDRzHWbt57s'),(168, 'SEGA', NULL, '1986-09-24', NULL, 'msys/out_run.jpg', 'Out Run', 'https://www.youtube.com/embed/mWsWo0MHgsI'),(169, 'SEGA', NULL, '1991-05-04', NULL, 'msys/gol_axe.jpg', 'Golden Axe Warrior', 'https://www.youtube.com/embed/Bws4Vhhd49U'),(170, 'SEGA', NULL, '1987-10-16', NULL, 'msys/fz2.jpg', 'Fantasy Zone II: The Tears of Opa-Opa', 'https://www.youtube.com/embed/u3Yrde_t9nI'),(171, 'SNK', NULL, '1996-04-17', NULL, 'neogeo/met_slu.jpg', 'Metal Slug', 'https://www.youtube.com/embed/FW_oPBADCB0'),(172, 'SNK', NULL, '1994-10-27', NULL, 'neogeo/ss2.jpg', 'Samurai Shodown II', 'https://www.youtube.com/embed/BEfWpoRQXt4'),(173, 'SNK', NULL, '1998-11-24', NULL, 'neogeo/lb2.jpg', 'The Last Blade 2', 'https://www.youtube.com/embed/vlsXVITgtBs'),(174, 'SNK', NULL, '2001-04-16', NULL, 'neogeo/sen3.jpg', 'Sengoku 3', 'https://www.youtube.com/embed/Yu4F1oL4BAk'),(175, 'SNK', NULL, '1994-02-17', NULL, 'neogeo/spi.jpg', 'Spinmaster', 'https://www.youtube.com/embed/az7D9SK-hgk'),(176, 'SNK', NULL, '1990-04-25', NULL, 'neogeo/mag_lor.jpg', 'Magician Lord', 'https://www.youtube.com/embed/MK2_0rVEn7A'),(177, 'SNK', NULL, '1994-06-23', NULL, 'neogeo/top_hun.jpg', 'Top Hunter: Roddy & Cathy', 'https://www.youtube.com/embed/HywINMLDxxE'),(178, 'SNK', NULL, '1991-03-04', NULL, 'neogeo/blu_jor.jpg', 'Blues Journey', 'https://www.youtube.com/embed/8-uS_xPezt8'),(179, 'SNK', NULL, '1992-01-22', NULL, 'neogeo/sup_sid.jpg', 'Super Sidekicks', 'https://www.youtube.com/embed/xqHaJSBeSFU'),(180, 'SNK', NULL, '1994-12-08', NULL, 'neogeo/str_hoo.jpg', 'Street Hoop', 'https://www.youtube.com/embed/HQruHakqGwY');
INSERT INTO juego_plataformas (juegos_id,plataformas_id)VALUES(1,1),(2,1),(3,1),(4,1),(5,1),(6,1),(7,1),(8,1),(9,1),(10,1),(11,2),(12,2),(13,2),(14,2),(15,2),(16,2),(17,2),(18,2),(19,2),(20,2),(21,3),(22,3),(23,3),(24,3),(25,3),(26,3),(27,3),(28,3),(29,3),(30,3),(31,5),(32,5),(33,5),(34,5),(35,5),(36,5),(37,5),(38,5),(39,5),(40,5),(41,6),(42,6),(43,6),(44,6),(45,6),(46,6),(47,6),(48,6),(49,6),(50,6),(51,7),(52,7),(53,7),(54,7),(55,7),(56,7),(57,7),(58,7),(59,7),(60,7),(61,8),(62,8),(63,8),(64,8),(65,8),(66,8),(67,8),(68,8),(69,8),(70,8),(71,10),(72,10),(73,10),(74,10),(75,10),(76,10),(77,10),(78,10),(79,10),(80,10),(81,11),(82,11),(83,11),(84,11),(85,11),(86,11),(87,11),(88,11),(89,11),(90,11),(91,12),(92,12),(93,12),(94,12),(95,12),(96,12),(97,12),(98,12),(99,12),(100,12),(101,13),(102,13),(103,13),(104,13),(105,13),(106,13),(107,13),(108,13),(109,13),(110,13),(111,14),(112,14),(113,14),(114,14),(115,14),(116,14),(117,14),(118,14),(119,14),(120,14),(121,26),(122,26),(123,26),(124,26),(125,26),(126,26),(127,26),(128,26),(129,26),(130,26),(131,15),(132,15),(133,15),(134,15),(135,15),(136,15),(137,15),(138,15),(139,15),(140,15),(141,19),(142,19),(143,19),(144,19),(145,19),(146,19),(147,19),(148,19),(149,19),(150,19),(151,20),(152,20),(153,20),(154,20),(155,20),(156,20),(157,20),(158,20),(159,20),(160,20),(161,22),(162,22),(163,22),(164,22),(165,22),(166,22),(167,22),(168,22),(169,22),(170,22),(171,23),(172,23),(173,23),(174,23),(175,23),(176,23),(177,23),(178,23),(179,23),(180,23);