INSERT INTO usuario (id,loginname,nombre,password,rol,img) VALUES(1,'admin','admin','$2a$10$oyQsB0p2342oiBU9KAlAfOW/1vuZ2zjL4I8//gsC/eq1qhHBGtfWW','admin','gandalf.gif'),(2,'jurado','jurado','$2a$10$FzEzB9ZhViE9/Y9mxdE6j.FbpZMQ.dDqaawmka2r7ED2/PYtjlP9e','admin','gandalf.gif');

INSERT INTO premio_juego (id,nombre_premio) VALUES (1,'Juego del Año'),(2,'Mejor Narrativa'),(3,'Mejor Banda Sonora'),(4,'Mejor Juego de Accion'),(5,'Mejor juego de Aventura'),(6,'Mejor juego de rol'),(7,'Mejor Juego de Lucha'),(8,'Mejor Juego Familiar'),(9,'Mejor Juego de Estrategia'),(10,'Mejor Juego de Deportes/Carreras'),(11,'Mejor Juego Multijugador'),(12,'Mejor Juego como Servicio'),(13,'Mejor juego de eSports'),(14,'Mejor Evento de eSports'),(15,'Mejor Soporte a la Comunidad'),(16,'Juego de Mayor Impacto'),(17,'Mejor Juego Indie'),(18,'Mejor Juego para Moviles'),(19,'Mejor Juego VR');

INSERT INTO categoria_participante (id,nombre) VALUES (1,'Director'),(2,'Desarrollador'),(3,'Audio'),(4,'eSports'),(5,'Guionista'),(6,'Actores'),(7,'Creador de Contenido'); 

INSERT INTO categoria_juego (id,nombre) values(1,'Acción'),(2,'Arcade'),(3,'Aventura'),(4,'Beat em all'),(5,'MMO'),(6,'Cooperación'),(7,'Lucha'),(8,'Deportes'),(9,'Familiar'),(10,'Entretenimiento'),(11,'Estrategia'),(12,'FPS'),(13,'Gestión'),(14,'Carreras'),(15,'Plataformas'),(16,'Multijugador'),(17,'RPG'),(18,'Indie'),(19,'Shoot em up'),(20,'Móviles'),(21,'Simulación'),(22,'VR'),(23,'Wargame'),(24,'JRPG');

INSERT INTO plataforma (id, familia, img, nombre) VALUES (1, 'Sony', 'logo/ps1.jpg', 'Playstation 1'),(2, 'Sony', 'logo/ps2.jpg', 'Playstation 2'),(3, 'Sony', 'logo/ps3.jpg', 'Playstation 3'),(4, 'Sony', 'logo/ps4.jpg', 'Playstation 4'),(5, 'Sony', 'logo/psp.jpg', 'Playstation Portable'),(6, 'Sony', 'logo/psvita.jpg', 'Playstation Vita'),(7, 'Microsoft', 'logo/xbox.jpg', 'Xbox'),(8, 'Microsoft', 'logo/xbox360.jpg', 'Xbox 360'),(9, 'Microsoft', 'logo/xbox_one.jpg', 'Xbox One'),(10, 'Nintendo', 'logo/nes.jpg', 'Nintendo Entertainement'),(11, 'Nintendo', 'logo/snes.jpg', 'Super Nintendo Entertainement'),(12, 'Nintendo', 'logo/n64.jpg', 'Nintendo 64'),(13, 'Nintendo', 'logo/gameboy.jpg', 'Nintendo Gameboy'),(14, 'Nintendo', 'logo/gba.jpg', 'Nintendo Gameboy Advanced'),(15, 'Nintendo', 'logo/nds.jpg', 'Nintendo DS'),(16, 'Nintendo', 'logo/3ds.jpg', 'Nintendo 3DS'),(17, 'Nintendo', 'logo/switch.jpg', 'Nintendo Switch'),(18, 'PC', 'logo/pc.jpg', 'PC'),(19, 'Sega', 'logo/saturn.jpg', 'Sega Saturn'),(20, 'Sega', 'logo/dreamcast.jpg', 'Sega Dreamcast'),(21, 'Sega', 'logo/megadrive.jpg', 'Sega Megadrive'),(22, 'Sega', 'logo/msys.jpg', 'Sega Master System'),(23, 'SNK', 'logo/neogeo.jpg', 'NEO-GEO'),(24, 'Atari', 'logo/at2600.jpg', 'Atari 2600'),(25, 'Atari', 'logo/atxegs.jpg', 'Atari XEGS'),(26, 'Nintendo', 'logo/gamecube.jpg', 'Nintendo Gamecube');

INSERT INTO premio_participante (id, nombre_premio)  values (1,'Mejor dirección'),(2,'Mejor dirección Artística'),(3,'Mejor producción audiovisual'),(4,'Mejor anfitrión eSports'),(5,'Mejor creador de contenido'),(6,'Mejor entrenador de eSports'),(7,'Mejor jugador de eSports'),(8,'Mejor equipo de eSports'),(9,'Mejor guionista'),(10,'Mejor actor de doblaje'),(11,'Mejor desarrolladora'),(12,'Mejor actor');

INSERT INTO juego (id, desarrolladora, esta_nominado, fecha_lanzamiento, imgPre, nombre, precio, stock, teaser) VALUES (1, 'KONAMI', NULL, '1997-03-20', 'ps1/cas_sotn.jpg', 'Castlevania: Symphony of the Night', 0, NULL, NULL),(2, 'KONAMI', NULL, '1998-09-03', 'ps1/mgs.jpg', 'Metal Gear Solid', 0, NULL, NULL),(3, 'NEVERSOFT', NULL, '2000-09-19', 'ps1/thps2.jpg', 'Tony Hawks Pro Skater 2', 0, NULL, NULL),(4, 'CAPCOM', NULL, '1998-01-21', 'ps1/re2.jpg', 'Resident Evil 2', 0, NULL, NULL),(5, '989 STUDIOS', NULL, '1998-10-31', 'ps1/tm3.jpg', 'Twisted Metal 3', 0, NULL, NULL),(6, 'KONAMI', NULL, '1999-01-31', 'ps1/sh.jpg', 'Silent Hill', 0, NULL, NULL),(7, 'SQUARE SOFT', NULL, '1997-01-31', 'ps1/ffvii.jpg', 'Final Fantasy VII', 0, NULL, NULL),(8, 'POLYPHONY DIGITAL', NULL, '1999-12-11', 'ps1/gt2.jpg', 'Gran Turismo 2', 0, NULL, NULL),(9, 'TEAM 17', NULL, '1999-11-30', 'ps1/wa.jpg', 'Worms Armageddon', 0, NULL, NULL),(10, 'NAMCO', NULL, '1997-03-20', 'ps1/t3.jpg', 'Tekken 3', 0, NULL, NULL),(11, 'NEVERSOFT', NULL, '2001-10-28', 'ps2/tnps3.jpg', 'Tony Hawks Pro Skater 3', 0, NULL, NULL),(12, 'ROCKSTAR', NULL, '2001-04-28', 'ps2/gta3.jpg', 'Grand Theft Auto III', 0, NULL, NULL),(13, 'CAPCOM', NULL, '2005-01-11', 'ps2/re4.jpg', 'Resident Evil 4', 0, NULL, NULL),(14, 'KONAMI', NULL, '2001-11-13', 'ps2/mgs2.jpg', 'Metal Gear Solid 2: Sons of Liberty', 0, NULL, NULL),(15, 'ROCKSTAR', NULL, '2004-10-26', 'ps2/gta_sa.jpg', 'Grand Theft Auto: San Andreas', 0, NULL, NULL),(16, 'NINJA THEORY', NULL, '2001-08-23', 'ps2/dmc.jpeg', 'Devil May Cry', 0, NULL, NULL),(17, 'SONY', NULL, '2005-03-22', 'ps2/gow.jpg', 'God of War', 0, NULL, NULL),(18, 'RED OCTANE', NULL, '2005-11-08', 'ps2/gh.jpg', 'Guitar Hero', 0, NULL, NULL),(19, 'NAUGHTY DOG', NULL, '2001-12-03', 'ps2/jad.jpg', 'Jak and Daxter: The Precursor Legacy', 0, NULL, NULL),(20, 'UBISOFT', NULL, '2003-10-28', 'ps2/pop.jpg', 'Prince of Persia: The Sands of Time', 0, NULL, NULL),(21, 'INFINITY WARD', NULL, '2009-11-10', 'ps3/mw2.jpg', 'Call of Duty : Modern Warfare 2', 0, NULL, NULL),(22, 'ROCKSTAR', NULL, '2013-09-13', 'ps3/gtav.jpg', 'Grand Theft Auto V', 0, NULL, NULL),(23, 'NAUGHTY DOG', NULL, '2009-10-13', 'ps3/unc2.jpg', 'Uncharted 2: Among Thieves', 0, NULL, NULL),(24, 'ROCKSTEADY', NULL, '2011-10-18', 'ps3/bat.jpg', 'Batman: Arkham City', 0, NULL, NULL),(25, 'ROCKSTAR', NULL, '2010-05-18', 'ps3/rdr.jpg', 'Red Dead Redemption', 0, NULL, NULL),(26, 'IRRATIONAL GAMES', NULL, '2013-03-26', 'ps3/bio_inf.jpg', 'BioShock Infinite', 0, NULL, NULL),(27, 'CAPCOM', NULL, '2008-07-18', 'ps3/stiv.jpg', 'Street Fighter IV', 0, NULL, NULL),(28, 'BETHESDA', NULL, '2012-06-26', 'ps3/sky.jpg', 'The Elder Scrolls V: Skyrim', 0, NULL, NULL),(29, 'TEAM ICO', NULL, '2011-09-22', 'ps3/ico.jpg', 'The ICO & Shadow of the Colossus Collection', 0, NULL, NULL),(30, 'UBISOFT', NULL, '2009-11-17', 'ps3/ac2.jpg', 'Assassins Creed II', 0, NULL, NULL),(31, 'CAPCOM', NULL, '2008-03-27', 'psp/mhfu.jpg', 'Monster Hunter Freedom Unite', 0, NULL, NULL),(32, 'UBISOFT', NULL, '2004-12-12', 'psp/lum.jpg', 'Lumines', 0, NULL, NULL),(33, 'SONY', NULL, '2010-11-02', 'psp/gow_gos.jpg', 'God of War: Ghost of Sparta', 0, NULL, NULL),(34, 'READY AT DAWN STUDIOS', NULL, '2006-03-14', 'psp/dax.jpg', 'Daxter', 0, NULL, NULL),(35, 'SIE JAPAN STUDIO', NULL, '2011-04-12', 'psp/pat3.jpg', 'Patapon 3', 0, NULL, NULL),(36, 'SIE JAPAN STUDIO', NULL, '2008-11-21', 'psp/loc2.jpg', 'LocoRoco 2', 0, NULL, NULL),(37, 'GUERRILLA GAMES', NULL, '2006-10-31', 'psp/kill_lib.jpg', 'Killzone: Liberation', 0, NULL, NULL),(38, 'LEVEL 5', NULL, '2006-11-22', 'psp/jea.jpg', 'Jeanne d Arc', 0, NULL, NULL),(39, 'HIGH IMPACT GAMES', NULL, '2008-06-17', 'psp/sec_agen.jpg', 'Secret Agent Clank', 0, NULL, NULL),(40, 'SONY', NULL, '2005-03-17', 'psp/ape_esc.jpg', 'Ape Escape: On the Loose', 0, NULL, NULL),(41, 'ALTUS', NULL, '2012-06-14', 'psvita/p4g.jpg', 'Persona 4 Golden', 0, NULL, NULL),(42, 'BAD LAND GAMES', NULL, '2014-09-02', 'psvita/vel_2x.jpg', 'Velocity 2X', 0, NULL, NULL),(43, 'DEREK YU', NULL, '2008-12-21', 'psvita/spe.jpg', 'Spelunky', 0, NULL, NULL),(44, 'UBISOFT', NULL, '2011-11-15', 'psvita/ray_ori.jpg', 'Rayman Origins', 0, NULL, NULL),(45, 'SONY', NULL, '2012-09-19', 'psvita/lbp.jpg', 'Little Big Planet PS Vita', 0, NULL, NULL),(46, 'DRINK BOX STUDIOS', NULL, '2013-04-09', 'psvita/gua.jpg', 'Guacamelee!', 0, NULL, NULL),(47, 'UBISOFT', NULL, '2013-08-29', 'psvita/ray_len.jpg', 'Rayman Legends', 0, NULL, NULL),(48, 'MEDIA MOLECULE', NULL, '2013-11-20', 'psvita/tea.jpg', 'Tearaway', 0, NULL, NULL),(49, 'BAD LAND GAMES', NULL, '2012-05-15', 'psvita/vel_ult.jpg', 'Velocity Ultra', 0, NULL, NULL),(50, 'CELLAR DOOR GAMES', NULL, '2013-06-27', 'psvita/rog_leg.jpg', 'Rogue Legacy', 0, NULL, NULL),(51, 'BUNGIE', NULL, '2004-11-09', 'xbox/halo.jpg', 'Halo 2', 0, NULL, NULL),(52, 'BUNGIE', NULL, '2001-11-15', 'xbox/halo_ce.jpg', 'Halo: Combat Evolved', 0, NULL, NULL),(53, 'BIOWARE', NULL, '2003-07-15', 'xbox/sw_kotor.jpg', 'Star Wars: Knights of the Old Republic', 0, NULL, NULL),(54, 'TECMO', NULL, '2004-03-02', 'xbox/nin_gai.jpg', 'Ninja Gaiden', 0, NULL, NULL),(55, 'MAJESCO', NULL, '2005-04-19', 'xbox/psy.jpg', 'Psychonauts', 0, NULL, NULL),(56, 'PANDEMIC', NULL, '2005-10-31', 'xbox/sw_bat2.jpg', 'Star Wars: Battlefront II', 0, NULL, NULL),(57, 'UBISOFT', NULL, '2004-03-23', 'xbox/tcsc.jpg', 'Tom Clancy Splinter Cell: Pandora Tomorrow', 0, NULL, NULL),(58, 'BIZARRE CREATIONS', NULL, '2003-11-17', 'xbox/pgr.jpg', 'Project Gotham Racing 2', 0, NULL, NULL),(59, 'SIERRA GAMES', NULL, '2004-06-01', 'xbox/tcor.jpg', 'The Chronicles of Riddick: Escape from Butcher Bay', 0, NULL, NULL),(60, 'TASA STUDIO', NULL, '2003-10-21', 'xbox/cs.jpg', 'Crimson Skies: High Road to Revenge', 0, NULL, NULL),(61, 'BIOWARE', NULL, '2010-01-26', 'xbox360/me2.jpg', 'Mass Effect 2', 0, NULL, NULL),(62, '2K GAMES', NULL, '2007-08-21', 'xbox360/bio.jpg', 'BioShock', 0, NULL, NULL),(63, 'FROM SOFTWARE', NULL, '2011-09-22', 'xbox360/ds.jpg', 'Dark Souls', 0, NULL, NULL),(64, 'SQUARE ENIX', NULL, '2013-03-05', 'xbox360/tr.jpg', 'Tomb Raider', 0, NULL, NULL),(65, 'TELL TALE GAMES', NULL, '2012-04-24', 'xbox360/twd.jpg', 'The Walking Dead', 0, NULL, NULL),(66, 'FIRAXIS', NULL, '2012-10-09', 'xbox360/xcom.jpg', 'XCOM: Enemy Unknown', 0, NULL, NULL),(67, '343 INDUSTRIES', NULL, '2012-11-06', 'xbox360/halo4.jpg', 'Halo 4', 0, NULL, NULL),(68, 'VISCERAL GAMES', NULL, '2011-01-25', 'xbox360/ds2.jpg', 'Dead Space 2', 0, NULL, NULL),(69, 'INFINITY WARD', NULL, '2007-11-05', 'xbox360/cod_mw.jpg', 'Call of Duty 4: Modern Warfare', 0, NULL, NULL),(70, 'EPIC GAMES', NULL, '2008-11-07', 'xbox360/gears2.jpg', 'Gears of War 2', 0, NULL, NULL),(71, 'NINTENDO', NULL, '1985-09-13', 'nes/smb.jpg', 'Super Mario Bros', 0, NULL, NULL),(72, 'NINTENDO', NULL, '1986-02-21', 'nes/tloz.jpg', 'The Legend of Zelda', 0, NULL, NULL),(73, 'NINTENDO', NULL, '1983-07-15', 'nes/dk.jpg', 'Donkey Kong', 0, NULL, NULL),(74, 'NINTENDO', NULL, '1986-08-06', 'nes/metroid.jpg', 'Metroid', 0, NULL, NULL),(75, 'NINTENDO', NULL, '1993-03-23', 'nes/kirby.jpg', 'Kirby´s Adventure', 0, NULL, NULL),(76, 'NINTENDO', NULL, '1987-09-18', 'nes/punch-out.jpg', 'Punch-Out!! Ft. Mr.Dream', 0, NULL, NULL),(77, 'NINTENDO', NULL, '1985-01-30', 'nes/ice.jpg', 'Ice Climber', 0, NULL, NULL),(78, 'NINTENDO', NULL, '1980-05-21', 'nes/pac-man.jpg', 'Pac-Man', 0, NULL, NULL),(79, 'NINTENDO', NULL, '1981-09-25', 'nes/galaga.jpg', 'Galaga', 0, NULL, NULL),(80, 'NINTENDO', NULL, '1985-09-19', 'nes/gng.jpg', 'Ghost´N Goblins', 0, NULL, NULL),(81, 'NINTENDO', NULL, '2017-09-29', 'snes/sf2.jpg', 'Star Fox 2', 0, NULL, NULL),(82, 'NINTENDO', NULL, '1994-11-24', 'snes/dkc.jpg', 'Donkey Kong Country', 0, NULL, NULL),(83, 'NINTENDO', NULL, '1990-11-21', 'snes/smw.jpg', 'Super Mario World', 0, NULL, NULL),(84, 'NINTENDO', NULL, '1995-08-05', 'snes/yi.jpg', 'Yoshi Island', 0, NULL, NULL),(85, 'NINTENDO', NULL, '1992-08-27', 'snes/smk.jpg', 'Super Mario Kart', 0, NULL, NULL),(86, 'SQUARE SOFT', NULL, '1993-08-06', 'snes/som.jpg', 'Secret of Mana', 0, NULL, NULL),(87, 'CAPCOM', NULL, '1993-12-17', 'snes/mmx.jpg', 'Mega Man X', 0, NULL, NULL),(88, 'NINTENDO', NULL, '1991-11-21', 'snes/tloz_alttp.jpg', 'The Legend of Zelda: A Link to the Past', 0, NULL, NULL),(89, 'KONAMI', NULL, '1992-02-28', 'snes/con3.jpg', 'Contra III: The Alien Wars', 0, NULL, NULL),(90, 'NINTENDO', NULL, '1994-08-27', 'snes/ear.jpg', 'EarthBound', 0, NULL, NULL),(91, 'NINTENDO', NULL, '1998-11-21', 'n64/tloz_oot.jpg', 'The Legend of Zelda: Ocarina of Time', 0, NULL, NULL),(92, 'NINTENDO', NULL, '2000-05-22', 'n64/pd.jpg', 'Perfect Dark', 0, NULL, NULL),(93, 'NINTENDO', NULL, '1997-08-25', 'n64/gol007.jpg', 'GoldenEye 007', 0, NULL, NULL),(94, 'NINTENDO', NULL, '2000-04-27', 'n64/tloz_mm.jpg', 'The Legend of Zelda: Majoras Mask', 0, NULL, NULL),(95, 'NINTENDO', NULL, '1996-06-23', 'n64/sm64.jpg', 'Super Mario 64', 0, NULL, NULL),(96, 'NINTENDO', NULL, '1998-06-26', 'n64/bk.jpg', 'Banjo-Kazooie', 0, NULL, NULL),(97, 'NINTENDO', NULL, '1998-07-14', 'n64/f-zero.jpg', 'F-Zero X', 0, NULL, NULL),(98, 'NINTENDO', NULL, '1998-10-21', 'n64/tur2.jpg', 'Turok 2: Seeds of Evil', 0, NULL, NULL),(99, 'NINTENDO', NULL, '1998-11-17', 'n64/sw_re.jpg', 'Star Wars: Rogue Squadron', 0, NULL, NULL),(100, 'NINTENDO', NULL, '1999-01-21', 'n64/smb.jpg', 'Super Smash Bros.', 0, NULL, NULL),(101, 'NINTENDO', NULL, '1994-06-14', 'gameboy/dkgame.jpg', 'DONKEY KONG', 0, NULL, NULL),(102, 'GAME FREAK', NULL, '1996-02-27', 'gameboy/pok.jpg', 'POKÉMON', 0, NULL, NULL),(103, 'NINTENDO', NULL, '1994-01-21', 'gameboy/wl.jpg', 'WARIO LAND', 0, NULL, NULL),(104, 'NINTENDO', NULL, '1993-06-06', 'gameboy/tloz_la.jpg', 'THE LEGEND OF ZELDA: LINK’S AWAKENING', 0, NULL, NULL),(105, 'NINTENDO', NULL, '1989-06-14', 'gameboy/tetris.jpg', 'TETRIS', 0, NULL, NULL),(106, 'NINTENDO', NULL, '1992-04-27', 'gameboy/kirbygame.jpg', 'KIRBY’S DREAM LAND', 0, NULL, NULL),(107, 'NINTENDO', NULL, '1995-03-01', 'gameboy/mar_pic.jpg', 'MARIO’S PICROSS', 0, NULL, NULL),(108, 'NINTENDO', NULL, '1990-10-05', 'gameboy/bal_kid.jpg', 'BALLOON KID', 0, NULL, NULL),(109, 'NINTENDO', NULL, '1994-07-22', 'gameboy/mm5.jpg', 'MEGA MAN 5', 0, NULL, NULL),(110, 'NINTENDO', NULL, '1994-01-01', 'gameboy/spa_inv.jpg', 'SPACE INVADERS', 0, NULL, NULL),(111, 'NINTENDO', NULL, '2004-04-01', 'gba/dig_rac.jpg', 'Digimon Racing', 0, NULL, NULL),(112, 'NINTENDO', NULL, '2004-09-16', 'gba/pok_esm.jpg', 'Pokemon Esmeralda', 0, NULL, NULL),(113, 'NINTENDO', NULL, '2003-07-11', 'gba/sma4.jpg', 'Super Mario Advance 4: Super Mario Bros. 3', 0, NULL, NULL),(114, 'NINTENDO', NULL, '2001-07-21', 'gba/mk.jpg', 'Mario Kart Super Circuit', 0, NULL, NULL),(115, 'NINTENDO', NULL, '2001-09-10', 'gba/adv_war.jpg', 'Advance Wars', 0, NULL, NULL),(116, 'NINTENDO', NULL, '2002-11-18', 'gba/met_fus.jpg', 'Metroid Fusion', 0, NULL, NULL),(117, 'NINTENDO', NULL, '2003-05-06', 'gba/cas_aos.jpg', 'Castlevania: Aria of Sorrow', 0, NULL, NULL),(118, 'NINTENDO', NULL, '2001-08-01', 'gba/gol_sun.jpg', 'Golden Sun', 0, NULL, NULL),(119, 'NINTENDO', NULL, '2003-11-17', 'gba/myl.jpg', 'Mario & Luigi: Superstar Saga', 0, NULL, NULL),(120, 'NINTENDO', NULL, '2001-08-21', 'gba/wl4.jpg', 'Wario Land 4', 0, NULL, NULL),(121, 'NINTENDO', NULL, '2002-11-17', 'gamecube/met_prime.jpg', 'Metroid Prime', 0, NULL, NULL),(122, 'NINTENDO', NULL, '2001-04-14', 'gamecube/ani_cro.jpg', 'Animal Crossing', 0, NULL, NULL),(123, 'NINTENDO', NULL, '2006-11-19', 'gamecube/tloz_tp.jpg', 'The Legend of Zelda: Twilight Princess', 0, NULL, NULL),(124, 'NINTENDO', NULL, '2002-12-13', 'gamecube/tloz_ww.jpg', 'The Legend of Zelda: The Wind Waker', 0, NULL, NULL),(125, 'NINTENDO', NULL, '2002-07-05', 'gamecube/sc2.jpg', 'SoulCalibur II', 0, NULL, NULL),(126, 'NINTENDO', NULL, '2002-06-24', 'gamecube/ete_dar.jpg', 'Eternal Darkness: Sanitys Requiem', 0, NULL, NULL),(127, 'NINTENDO', NULL, '2001-11-21', 'gamecube/ssb_mel.jpg', 'Super Smash Bros. Melee', 0, NULL, NULL),(128, 'NINTENDO', NULL, '2002-08-26', 'gamecube/sms.jpg', 'Super Mario Sunshine', 0, NULL, NULL),(129, 'NINTENDO', NULL, '2001-11-18', 'gamecube/sw_re2.jpg', 'Star Wars Rogue Leader: Rogue Squadron II', 0, NULL, NULL),(130, 'NINTENDO', NULL, '2004-04-29', 'gamecube/pik2.jpg', 'Pikmin 2', 0, NULL, NULL),(131, 'GAME FREAK', NULL, '2006-09-28', 'nds/pok_dia.jpg', 'Pokemon Diamante', 0, NULL, NULL),(132, 'NINTENDO', NULL, '2005-11-14', 'nds/mkds.jpg', 'Mario Kart DS', 0, NULL, NULL),(133, 'NINTENDO', NULL, '2005-06-23', 'nds/ad_ds.jpg', 'Advance Wars: Dual Strike', 0, NULL, NULL),(134, 'NINTENDO', NULL, '2006-05-15', 'nds/nsmb.jpg', 'New Super Mario Bros.', 0, NULL, NULL),(135, 'NINTENDO', NULL, '2008-11-27', 'nds/pl.jpg', 'Professor Layton and the Unwound Future', 0, NULL, NULL),(136, 'NINTENDO', NULL, '2001-10-12', 'nds/pw.jpg', 'Phoenix Wright: Ace Attorney', 0, NULL, NULL),(137, 'NINTENDO', NULL, '2005-04-02', 'nds/ste3.jpg', 'Star Wars Episode 3 : The Vengeance of the Sith', 0, NULL, NULL),(138, 'NINTENDO', NULL, '2005-11-23', 'nds/ac.jpg', 'Animal Crossing: Wild World', 0, NULL, NULL),(139, 'NINTENDO', NULL, '2005-11-15', 'nds/sr.jpg', 'Sonic Rush', 0, NULL, NULL),(140, 'NINTENDO', NULL, '2009-02-22', 'nds/dra_que.jpg', 'Dragon Quest 5: Hand of the Heavenly Bride', 0, NULL, NULL),(141, 'SEGA', NULL, '1995-03-10', 'saturn/pan_dra.jpg', 'Panzer Dragoon', 0, NULL, NULL),(142, 'SEGA', NULL, '1994-11-10', 'saturn/vf2.jpg', 'Virtua Fighter 2', 0, NULL, NULL),(143, 'SEGA', NULL, '1996-07-05', 'saturn/nid.jpg', 'NiGHTS into Dreams', 0, NULL, NULL),(144, 'SEGA', NULL, '1994-10-11', 'saturn/src.jpg', 'Sega Rally Championship', 0, NULL, NULL),(145, 'SEGA', NULL, '1997-10-31', 'saturn/son_r.jpg', 'Sonic R', 0, NULL, NULL),(146, 'SEGA', NULL, '1996-03-29', 'saturn/dra_for.jpg', 'Dragon Force', 0, NULL, NULL),(147, 'SEGA', NULL, '1996-03-29', 'saturn/bur_ran.jpg', 'Burning Rangers', 0, NULL, NULL),(148, 'SEGA', NULL, '1998-05-28', 'saturn/rad_silv.jpg', 'Radiant Silvergun', 0, NULL, NULL),(149, 'SEGA', NULL, '1996-01-29', 'saturn/dn3d.jpg', 'Duke Nukem 3D', 0, NULL, NULL),(150, 'SEGA', NULL, '1997-08-01', 'saturn/las_bro.jpg', 'Last Bronx', 0, NULL, NULL),(151, 'SEGA', NULL, '1999-12-29', 'dreamcast/she.jpg', 'Shenmue', 0, NULL, NULL),(152, 'SEGA', NULL, '2000-10-05', 'dreamcast/soa.jpg', 'Skies Of Arcadia', 0, NULL, NULL),(153, 'SEGA', NULL, '2001-06-18', 'dreamcast/sa2.jpg', 'Sonic Adventure 2', 0, NULL, NULL),(154, 'SEGA', NULL, '1998-07-30', 'dreamcast/sc.jpg', 'Soul Calibur', 0, NULL, NULL),(155, 'SEGA', NULL, '2000-12-21', 'dreamcast/pso.jpg', 'Phantasy Star Online', 0, NULL, NULL),(156, 'SEGA', NULL, '2000-02-24', 'dreamcast/mvc2.jpg', 'Marvel Vs Capcom 2: New Age Of Heroes', 0, NULL, NULL),(157, 'SEGA', NULL, '2000-02-03', 'dreamcast/re_cv.jpg', 'Resident Evil: Code Veronica', 0, NULL, NULL),(158, 'SEGA', NULL, '2000-05-21', 'dreamcast/ct.jpg', 'Crazy Taxi', 0, NULL, NULL),(159, 'SEGA', NULL, '2001-11-22', 'dreamcast/rez.jpg', 'Rez', 0, NULL, NULL),(160, 'SEGA', NULL, '2000-04-27', 'dreamcast/sda.jpg', 'Samba De Amigo', 0, NULL, NULL),(161, 'SEGA', NULL, '1986-04-10', 'msys/won_boy.jpg', 'Wonderboy', 0, NULL, NULL),(162, 'SEGA', NULL, '1991-10-25', 'msys/son.jpg', 'Sonic the Hedgehog', 0, NULL, NULL),(163, 'SEGA', NULL, '1987-12-20', 'msys/pha_sta.jpg', 'Phantasy Star', 0, NULL, NULL),(164, 'SEGA', NULL, '1992-10-16', 'msys/son2.jpg', 'Sonic the Hedgehog 2', 0, NULL, NULL),(165, 'SEGA', NULL, '1987-05-27', 'msys/zil.jpg', 'Zillion', 0, NULL, NULL),(166, 'SEGA', NULL, '1988-08-14', 'msys/gol.jpg', 'Golvellius: Valley of Doom', 0, NULL, NULL),(167, 'SEGA', NULL, '1985-10-20', 'msys/spa_har.jpg', 'Space Harrier', 0, NULL, NULL),(168, 'SEGA', NULL, '1986-09-25', 'msys/out_run.jpg', 'Out Run', 0, NULL, NULL),(169, 'SEGA', NULL, '1991-05-05', 'msys/gol_axe.jpg', 'Golden Axe Warrior', 0, NULL, NULL),(170, 'SEGA', NULL, '1987-10-17', 'msys/fz2.jpg', 'Fantasy Zone II: The Tears of Opa-Opa', 0, NULL, NULL),(171, 'SNK', NULL, '1996-04-18', 'neogeo/met_slu.jpg', 'Metal Slug', 0, NULL, NULL),(172, 'SNK', NULL, '1994-10-28', 'neogeo/ss2.jpg', 'Samurai Shodown II', 0, NULL, NULL),(173, 'SNK', NULL, '1998-11-25', 'neogeo/lb2.jpg', 'The Last Blade 2', 0, NULL, NULL),(174, 'SNK', NULL, '2001-04-17', 'neogeo/sen3.jpg', 'Sengoku 3', 0, NULL, NULL),(175, 'SNK', NULL, '1994-02-18', 'neogeo/spi.jpg', 'Spinmaster', 0, NULL, NULL),(176, 'SNK', NULL, '1990-04-26', 'neogeo/mag_lor.jpg', 'Magician Lord', 0, NULL, NULL),(177, 'SNK', NULL, '1994-06-24', 'neogeo/top_hun.jpg', 'Top Hunter: Roddy & Cathy', 0, NULL, NULL),(178, 'SNK', NULL, '1991-03-05', 'neogeo/blu_jor.jpg', 'Blues Journey', 0, NULL, NULL),(179, 'SNK', NULL, '1992-01-23', 'neogeo/sup_sid.jpg', 'Super Sidekicks', 0, NULL, NULL),(180, 'SNK', NULL, '1994-12-09', 'neogeo/str_hoo.jpg', 'Street Hoop', 0, NULL, NULL),(181, 'ATARI', NULL, '1982-01-01', 'at2600/pit.jpg', 'PITFALL!', 0, NULL, NULL),(182, 'ATARI', NULL, '1981-01-01', 'at2600/fro.jpg', 'FROGGER', 0, NULL, NULL),(183, 'ATARI', NULL, '1981-01-02', 'at2600/key_kap.jpg', 'KEYSTONE KAPERS', 0, NULL, NULL),(184, 'ATARI', NULL, '1978-01-03', 'at2600/spa_inv_at.jpg', 'SPACE INVADERS', 0, NULL, NULL),(185, 'ATARI', NULL, '1980-01-04', 'at2600/box.jpg', 'BOXING', 0, NULL, NULL),(186, 'ATARI', NULL, '1977-01-05', 'at2600/cir.jpg', 'CIRCUS ATARI', 0, NULL, NULL),(187, 'ATARI', NULL, '1976-05-13', 'at2600/bre.jpg', 'BREAKOUT', 0, NULL, NULL),(188, 'ATARI', NULL, '1984-01-07', 'at2600/her.jpg', 'H.E.R.O.', 0, NULL, NULL),(189, 'ATARI', NULL, '1983-01-08', 'at2600/par.jpg', 'PARACHUTE', 0, NULL, NULL),(190, 'ATARI', NULL, '1980-01-09', 'at2600/adv.jpg', 'ADVENTURE', 0, NULL, NULL),(191, 'ATARI', NULL, '1984-03-01', 'atxegs/ball.jpg', 'BALLBLAZER', 0, NULL, NULL),(192, 'ATARI', NULL, '1986-03-02', 'atxegs/st2.jpg', 'STAR RIDERS II', 0, NULL, NULL),(193, 'ATARI', NULL, '1985-03-03', 'atxegs/fig_nig.jpg', 'FIGHT NIGHT', 0, NULL, NULL),(194, 'ATARI', NULL, '1987-03-04', 'atxegs/thu.jpg', 'THUNDERFOX', 0, NULL, NULL),(195, 'ATARI', NULL, '1983-03-05', 'atxegs/foo_fig.jpg', 'FOOD FIGHT', 0, NULL, NULL),(196, 'ATARI', NULL, '1987-03-06', 'atxegs/aoa.jpg', 'ACE OF ACES', 0, NULL, NULL),(197, 'ATARI', NULL, '1987-03-07', 'atxegs/batt.jpg', 'BATTLEZONE', 0, NULL, NULL),(198, 'ATARI', NULL, '1987-03-08', 'atxegs/cho.jpg', 'CHOPLIFTER', 0, NULL, NULL),(199, 'ATARI', NULL, '1988-03-09', 'atxegs/air.jpg', 'AIRBALL', 0, NULL, NULL),(200, 'ATARI', NULL, '1983-03-10', 'atxegs/cry_cas.jpg', 'CRYSTAL CASTLES', 0, NULL, NULL),(201, 'SEGA', NULL, '1989-02-14', 'megadrive/ale.jpg', 'Alex Kidd in the Enchanted Castle', 0, NULL, NULL),(202, 'SEGA', NULL, '1988-05-06', 'megadrive/alt_bea.jpg', 'Altered Beast', 0, NULL, NULL),(203, 'SEGA', NULL, '1990-11-21', 'megadrive/coi.jpg', 'Castle of Illusion Starring Mickey Mouse', 0, NULL, NULL),(204, 'SEGA', NULL, '1994-03-17', 'megadrive/cas.jpg', 'Castlevania: The New Generation', 0, NULL, NULL),(205, 'SEGA', NULL, '1995-03-31', 'megadrive/com.jpg', 'Comix Zone', 0, NULL, NULL),(206, 'SEGA', NULL, '1994-08-05', 'megadrive/dyn.jpg', 'Dynamite Headdy', 0, NULL, NULL),(207, 'SEGA', NULL, '1993-11-11', 'megadrive/ala.jpg', 'Disneys Aladdin', 0, NULL, NULL),(208, 'SEGA', NULL, '1993-07-15', 'megadrive/fifa.jpg', 'FIFA International Soccer', 0, NULL, NULL),(209, 'SEGA', NULL, '1992-08-15', 'megadrive/fla.jpg', 'Flashback: The Quest for Identity', 0, NULL, NULL),(210, 'SEGA', NULL, '1989-06-11', 'megadrive/gol_axe_mega.jpg', 'Golden Axe', 0, NULL, NULL);

INSERT INTO juego_plataformas (juegos_id,plataformas_id)VALUES(1,1),(2,1),(3,1),(4,1),(5,1),(6,1),(7,1),(8,1),(9,1),(10,1),(11,2),(12,2),(13,2),(14,2),(15,2),(16,2),(17,2),(18,2),(19,2),(20,2),(21,3),(22,3),(23,3),(24,3),(25,3),(26,3),(27,3),(28,3),(29,3),(30,3),(31,5),(32,5),(33,5),(34,5),(35,5),(36,5),(37,5),(38,5),(39,5),(40,5),(41,6),(42,6),(43,6),(44,6),(45,6),(46,6),(47,6),(48,6),(49,6),(50,6),(51,7),(52,7),(53,7),(54,7),(55,7),(56,7),(57,7),(58,7),(59,7),(60,7),(61,8),(62,8),(63,8),(64,8),(65,8),(66,8),(67,8),(68,8),(69,8),(70,8),(71,10),(72,10),(73,10),(74,10),(75,10),(76,10),(77,10),(78,10),(79,10),(80,10),(81,11),(82,11),(83,11),(84,11),(85,11),(86,11),(87,11),(88,11),(89,11),(90,11),(91,12),(92,12),(93,12),(94,12),(95,12),(96,12),(97,12),(98,12),(99,12),(100,12),(101,13),(102,13),(103,13),(104,13),(105,13),(106,13),(107,13),(108,13),(109,13),(110,13),(111,14),(112,14),(113,14),(114,14),(115,14),(116,14),(117,14),(118,14),(119,14),(120,14),(121,26),(122,26),(123,26),(124,26),(125,26),(126,26),(127,26),(128,26),(129,26),(130,26),(131,15),(132,15),(133,15),(134,15),(135,15),(136,15),(137,15),(138,15),(139,15),(140,15),(141,19),(142,19),(143,19),(144,19),(145,19),(146,19),(147,19),(148,19),(149,19),(150,19),(151,20),(152,20),(153,20),(154,20),(155,20),(156,20),(157,20),(158,20),(159,20),(160,20),(161,22),(162,22),(163,22),(164,22),(165,22),(166,22),(167,22),(168,22),(169,22),(170,22),(171,23),(172,23),(173,23),(174,23),(175,23),(176,23),(177,23),(178,23),(179,23),(180,23),(181,24),(182,24),(183,24),(184,24),(185,24),(186,24),(187,24),(188,24),(189,24),(190,24),(191,25),(192,25),(193,25),(194,25),(195,25),(196,25),(197,25),(198,25),(199,25),(200,25),(201,21),(202,21),(203,21),(204,21),(205,21),(206,21),(207,21),(208,21),(209,21),(210,21);



